{
  "student_info": {
    "y_min": 28.335164835164836,
    "y_max": 42.18390804597701,
    "mean_y": 35.94463434854174,
    "median_y": 35.78401498736005,
    "std_y": 4.8497585931163885,
    "sample_count": 48,
    "percentiles": {
      "5%": 27.02838827838828,
      "10%": 28.335164835164836,
      "25%": 33.40565322578257,
      "50%": 35.78401498736005,
      "75%": 39.525848124987114,
      "90%": 42.18390804597701,
      "95%": 42.34228286384976
    }
  },
  "subject": {
    "y_min": 45.9154659495016,
    "y_max": 67.26610277261184,
    "mean_y": 57.458256042046685,
    "median_y": 57.96387520525451,
    "std_y": 7.9277657072008685,
    "sample_count": 109,
    "percentiles": {
      "5%": 44.11994601128559,
      "10%": 45.9154659495016,
      "25%": 51.83946488294314,
      "50%": 57.96387520525451,
      "75%": 63.177339901477836,
      "90%": 67.26610277261184,
      "95%": 68.38259441707717
    }
  },
  "total": {
    "y_min": 39.18118510338932,
    "y_max": 58.20197044334975,
    "mean_y": 51.165732912855304,
    "median_y": 53.10299295774648,
    "std_y": 6.390389180244463,
    "sample_count": 32,
    "percentiles": {
      "5%": 38.76373626373626,
      "10%": 39.18118510338932,
      "25%": 48.17550819978799,
      "50%": 53.10299295774648,
      "75%": 54.033251231527096,
      "90%": 58.20197044334975,
      "95%": 58.21018062397373
    }
  },
  "result": {
    "y_min": 54.32234432234432,
    "y_max": 95.0082575959625,
    "mean_y": 80.66586472759884,
    "median_y": 87.52942730238188,
    "std_y": 16.017670557980235,
    "sample_count": 52,
    "percentiles": {
      "5%": 43.45144751554069,
      "10%": 54.32234432234432,
      "25%": 74.18742422483619,
      "50%": 87.52942730238188,
      "75%": 91.53385096947632,
      "90%": 95.0082575959625,
      "95%": 95.62541411694278
    }
  }
}