{
  "student_info": {
    "y_min": 0,
    "y_max": 35
  },
  "subject_table": {
    "y_min": 45.9154659495016,
    "y_max": 67.26610277261184
  },
  "totals": {
    "y_min": 39.18118510338932,
    "y_max": 58.20197044334975
  },
  "result": {
    "y_min": 54.32234432234432,
    "y_max": 100
  }
}