{
  "student_info": {
    "y_min": 0,
    "y_max": 43.56878236705823
  },
  "subject_table": {
    "y_min": 43.78040226719058,
    "y_max": 69.40116645492287
  },
  "totals": {
    "y_min": 37.27910656939328,
    "y_max": 60.1040489773458
  },
  "result": {
    "y_min": 50.253752994982506,
    "y_max": 100
  }
}